timestamp,avg_ccu
2026-09-23 00:00:00,788.85
2026-09-23 01:00:00,671.48
2026-09-23 02:00:00,534.27
2026-09-23 03:00:00,495.57
2026-09-23 04:00:00,544.4
2026-09-23 05:00:00,614.48
2026-09-23 06:00:00,882.35
2026-09-23 07:00:00,1311.27
2026-09-23 08:00:00,1570.32
2026-09-23 09:00:00,1773.35
2026-09-23 10:00:00,1894.72
2026-09-23 11:00:00,1965.32
2026-09-23 12:00:00,2089.18
2026-09-23 13:00:00,2192.03
2026-09-23 14:00:00,2448.02
2026-09-23 15:00:00,2609.73
2026-09-23 16:00:00,2834.52
2026-09-23 17:00:00,3013.85
2026-09-23 18:00:00,3191.9
2026-09-23 19:00:00,3374.43
2026-09-23 20:00:00,3606.82
2026-09-23 21:00:00,3391.18
2026-09-23 22:00:00,2818.03
2026-09-23 23:00:00,1774.97
